PROFILE_CODE,SPECIES_ID,WEIGHT_PERCENT
96001,529,8.172755134
96001,465,5.921724733
96001,280,5.245358791
96001,452,3.839785817
96001,1757,3.554443936
96001,531,3.473420932
96001,281,2.293303273
96001,279,2.25807588
96001,2999,2.15943918
96001,678,1.500686934
96001,282,1.27523162
96001,283,1.137844788
96001,3019,1.116708352
96001,3005,1.074435481
96001,438,1.014548913
96001,302,0.996935217
96001,663,0.993412478
96001,46,0.908866735
96001,588,0.891253038
96001,717,0.701025117
96001,611,0.701025117
96001,382,0.63761581
96001,2640,0.627047592
96001,301,0.591820199
96001,1463,0.58829746
96001,1999,0.581251982
96001,511,0.493183499
96001,64,0.461478846
96001,466,0.408637757
96001,536,0.34522845
96001,671,0.331137493
96001,1083,0.331137493
96001,498,0.317046535
96001,673,0.310001057
96001,3020,0.306478318
96001,1567,0.2959101
96001,1013,0.29238736
96001,522,0.281819143
96001,30,0.250114489
96001,1670,0.236023532
96001,595,0.221932575
96001,392,0.211364357
96001,2562,0.204318878
96001,551,0.204318878
96001,109,0.1972734
96001,285,0.190227921
96001,497,0.186705182
96001,977,0.183182443
96001,3040,0.176136964
96001,25,0.165568746
96001,391,0.158523268
96001,177,0.140909571
96001,698,0.140909571
96001,188,0.137386832
96001,449,0.137386832
96001,992,0.133864093
96001,592,0.126818614
96001,78,0.126818614
96001,737,0.123295875
96001,184,0.123295875
96001,1902,0.112727657
96001,313,0.112727657
96001,2645,0.109204918
96001,108,0.105682178
96001,1903,0.102159439
96001,474,0.0986367
96001,367,0.0986367
96001,3010,0.0986367
96001,508,0.0986367
96001,2955,0.091591221
96001,76,0.088068482
96001,620,0.088068482
96001,185,0.084545743
96001,728,0.081023003
96001,840,0.081023003
96001,544,0.077500264
96001,541,0.077500264
96001,107,0.077500264
96001,2119,0.073977525
96001,89,0.073977525
96001,3006,0.070454786
96001,44,0.070454786
96001,3033,0.070454786
96001,181,0.066932046
96001,603,0.066932046
96001,598,0.066932046
96001,2642,0.063409307
96001,2724,0.063409307
96001,2954,0.063409307
96001,2815,0.063409307
96001,742,0.056363829
96001,610,0.056363829
96001,2154,0.04931835
96001,1825,0.04931835
96001,230,0.04931835
96001,3032,0.04931835
96001,1082,0.04931835
96001,3024,0.045795611
96001,369,0.045795611
96001,442,0.042272871
96001,601,0.042272871
96001,486,0.042272871
96001,2564,0.038750132
96001,3026,0.038750132
96001,996,0.038750132
96001,65,0.035227393
96001,491,0.035227393
96001,2812,0.035227393
96001,3031,0.035227393
96001,371,0.031704654
96001,3022,0.031704654
96001,388,0.031704654
96001,2643,0.031704654
96001,3037,0.031704654
96001,2698,0.031704654
96001,600,0.028181914
96001,604,0.028181914
96001,106,0.028181914
96001,1012,0.028181914
96001,596,0.028181914
96001,2023,0.028181914
96001,3007,0.024659175
96001,2160,0.024659175
96001,605,0.024659175
96001,3025,0.024659175
96001,2641,0.024659175
96001,542,0.024659175
96001,3009,0.021136436
96001,3011,0.021136436
96001,3012,0.021136436
96001,1886,0.021136436
96001,2335,0.021136436
96001,80,0.021136436
96001,84,0.021136436
96001,53,0.021136436
96001,3000,0.017613696
96001,2144,0.017613696
96001,3021,0.017613696
96001,1036,0.017613696
96001,608,0.017613696
96001,3035,0.017613696
96001,3,0.017613696
96001,92,0.017613696
96001,3014,0.014090957
96001,3023,0.021136436
96001,1118,0.014090957
96001,3002,0.014090957
96001,3030,0.014090957
96001,485,0.014090957
96001,2684,0.014090957
96001,1001,0.014090957
96001,3016,0.010568218
96001,103,0.010568218
96001,248,0.010568218
96001,550,0.010568218
96001,39,0.010568218
96001,3038,0.010568218
96001,3039,0.010568218
96001,770,0.007045479
96001,3015,0.007045479
96001,3017,0.007045479
96001,2220,0.007045479
96001,390,0.007045479
96001,3018,0.007045479
96001,3027,0.007045479
96001,3028,0.007045479
96001,2796,0.007045479
96001,616,0.007045479
96001,3036,0.007045479
96001,2084,0.007045479
96001,97,0.007045479
96001,316,0.007045479
96001,59,0.007045479
96001,2201,0.007045479
96001,3008,0.003522739
96001,47,0.003522739
96001,33,0.003522739
96001,3013,0.003522739
96001,3001,0.003522739
96001,3029,0.003522739
96001,385,0.003522739
96001,3003,0.003522739
96001,299,0.003522739
96001,514,0.003522739
96001,2712,0.003522739
96001,707,0
96001,127,0
96001,122,0
96001,3004,0
96001,3034,0
96001,3465,1.046782866
96001,1762,0.222447807
96001,3473,0.716131008
96001,3533,0.066536874
96001,2499,0.368361447
96001,3461,0.73223584
96001,3534,0.750464661
96001,3449,0.68832399
96001,1820,2.071364926
96001,847,0.012816758
96001,2426,0.867847806
96001,3357,0.104839387
96001,3468,0.031348518
96001,3401,0.662564333
96001,2941,0.184503758
96001,3469,0.070454866
96001,3073,0.034010531
96001,3448,0.021229775
96001,3470,0.043541142
96001,2332,0.14881574
96001,935,0.645735538
96001,3309,0.001447523
96001,3455,0.554077105
96001,3462,0.38677285
96001,3438,0.04030267
96001,3535,1.950310286
96001,556,0.08995625
96001,3446,0.405969436
96001,3458,0.021846354
96001,315,0.281557388
96001,3453,1.125504289
96001,646,2.415605074
96001,3466,0.017030795
96001,947,3.142661942
96001,997,0.008947639
96001,3471,0.238209806
96001,3402,0.520552991
96001,3077,0.138975693
96001,2206,0.02819888
96001,3425,0.040728658
96001,3358,0.059993685
96001,716,0.445854817
96001,618,2.430506343
96001,410,0.10262806
96001,3475,0.047384576
96001,3467,0.213007384
96001,3474,0.059314344
96001,3444,0.019114264
96001,3463,0.000905033
96001,3459,0.108204052
96001,3536,3.395657381
96001,3450,1.229901744
96001,3359,0.010699069
96001,3370,2.04079836
96001,3403,0.474455614
96001,3360,0.061567014
96001,3404,2.563449726
96001,3371,1.13539294
96002,529,8.104932499
96002,465,4.735870321
96002,280,5.802939836
96002,452,3.141260821
96002,1757,3.361868451
96002,531,3.129271275
96002,281,0.887226339
96002,279,2.285207299
96002,2999,2.134139031
96002,678,1.067069515
96002,282,0.568304439
96002,283,0.697791526
96002,3019,1.05507997
96002,3005,1.213341966
96002,438,1.462724504
96002,302,1.318849963
96002,663,1.134210968
96002,46,0.167853632
96002,588,0.841666067
96002,717,0.575498166
96002,611,0.664220799
96002,382,0.604273074
96002,2640,0.671414527
96002,301,0.558712802
96002,1463,0.556314893
96002,1999,0.486775532
96002,511,0.177445268
96002,64,0.184638995
96002,466,1.127017241
96002,536,0.263769993
96002,671,0.551519075
96002,1083,1.942306309
96002,498,0.302136537
96002,673,0.29494281
96002,3020,0.287749083
96002,1567,0.280555356
96002,1013,0.275759538
96002,522,0.143874541
96002,30,0.035968635
96002,1670,1.07905906
96002,595,0.211015994
96002,392,0.199026449
96002,2562,0.232597175
96002,551,0.194230631
96002,109,0.069539362
96002,285,0.069539362
96002,497,0.175047359
96002,977,1.726494497
96002,3040,0.167853632
96002,25,0.059947726
96002,391,0.064743544
96002,177,0.134282905
96002,698,0.141476632
96002,188,0.103110088
96002,449,0.059947726
96002,992,0.127089178
96002,592,0.182241086
96002,78,0.12229336
96002,737,0.04795818
96002,184,0.117497542
96002,1902,0.719372707
96002,313,0.071937271
96002,2645,0.07433518
96002,108,0.081528907
96002,1903,0.095916361
96002,474,0.093518452
96002,367,0.035968635
96002,3010,0.093518452
96002,508,0.045560271
96002,2955,0.086324725
96002,76,0.091120543
96002,620,0.064743544
96002,185,0.059947726
96002,728,0.052753999
96002,840,0.076733089
96002,544,0.07433518
96002,541,0.071937271
96002,107,0.093518452
96002,2119,0.081528907
96002,89,0.069539362
96002,3006,0.064743544
96002,44,0.007193727
96002,3033,0.067141453
96002,181,0.035968635
96002,603,0.028774908
96002,598,0.028774908
96002,2642,0.059947726
96002,2724,0.062345635
96002,2954,0.059947726
96002,2815,0.057549817
96002,742,0.035968635
96002,610,0.052753999
96002,2154,0.045560271
96002,1825,0.045560271
96002,230,0.009591636
96002,3032,0.04795818
96002,1082,0.045560271
96002,3024,0.045560271
96002,369,0.043162362
96002,442,0.064743544
96002,601,0.064743544
96002,486,0.040764453
96002,2564,0.055151908
96002,3026,0.035968635
96002,996,0.035968635
96002,65,0.007193727
96002,491,0.050356089
96002,2812,0.033570726
96002,3031,0.035968635
96002,371,0.088722634
96002,3022,0.028774908
96002,388,0.031172817
96002,2643,0.040764453
96002,3037,0.031172817
96002,2698,0.031172817
96002,600,0.057549817
96002,604,0.04795818
96002,106,0.026376999
96002,1012,0.026376999
96002,596,0.026376999
96002,2023,0.057549817
96002,3007,0.02397909
96002,2160,0.354890535
96002,605,0.064743544
96002,3025,0.02397909
96002,2641,0.021581181
96002,542,0.02397909
96002,3009,0.021581181
96002,3011,0.019183272
96002,3012,0.019183272
96002,1886,0.019183272
96002,2335,0.021581181
96002,80,0.021581181
96002,84,0.019183272
96002,53,0.019183272
96002,3000,0.016785363
96002,2144,0.016785363
96002,3021,0.016785363
96002,1036,0.019183272
96002,608,0.021581181
96002,3035,0.016785363
96002,3,0.016785363
96002,92,0.016785363
96002,3014,0.011989545
96002,3023,0.019183272
96002,1118,0.011989545
96002,3002,0.014387454
96002,3030,0.011989545
96002,485,0.014387454
96002,2684,0.011989545
96002,1001,0.014387454
96002,3016,0.009591636
96002,103,0.009591636
96002,248,0.043162362
96002,550,0.009591636
96002,39,0.009591636
96002,3038,0.009591636
96002,3039,0.011989545
96002,770,0.007193727
96002,3015,0.004795818
96002,3017,0.004795818
96002,2220,0.007193727
96002,390,0.007193727
96002,3018,0.007193727
96002,3027,0.004795818
96002,3028,0.007193727
96002,2796,0.007193727
96002,616,0.007193727
96002,3036,0.004795818
96002,2084,0.007193727
96002,97,0.170251541
96002,316,0.007193727
96002,59,0.004795818
96002,2201,0.009591636
96002,3008,0.002397909
96002,47,0.002397909
96002,33,0.004795818
96002,3013,0.002397909
96002,3001,0.004795818
96002,3029,0.004795818
96002,385,0.004795818
96002,3003,0.002397909
96002,299,0.004795818
96002,514,0.011989545
96002,2712,0.002397909
96002,707,0
96002,127,0.002397909
96002,122,0
96002,3004,0
96002,3034,0
96002,3465,0.749370752
96002,1762,0.415907038
96002,3473,0.956025604
96002,3533,0.055909468
96002,2499,0.449817797
96002,3461,0.695489201
96002,3534,0.598742849
96002,3449,0.576641495
96002,1820,2.337768034
96002,847,0.068672876
96002,2426,0.740585859
96002,3357,0.119860989
96002,3468,0.044014379
96002,3401,0.322482475
96002,2941,0.570246033
96002,3469,0.102460983
96002,3073,0.074593436
96002,3448,0.036124494
96002,3470,0.100822657
96002,2332,0.132696311
96002,935,0.617556141
96002,3309,0.002431138
96002,3455,0.445442472
96002,3462,0.269556537
96002,3438,0.069843332
96002,3535,1.998599874
96002,556,0.188497912
96002,3446,0.397449848
96002,3458,0.070318073
96002,315,0.298729915
96002,3453,0.864112569
96002,646,2.300420013
96002,3466,0.034685205
96002,947,2.82781169
96002,997,0.012723323
96002,3471,0.222595375
96002,3402,0.416880361
96002,3077,0.12554426
96002,2206,0.034038996
96002,3425,0.041432982
96002,3358,0.056055927
96002,716,0.603421754
96002,618,2.609736902
96002,410,0.177311639
96002,3475,0.025757701
96002,3467,0.202871205
96002,3474,0.031369821
96002,3444,0.030835797
96002,3463,0.00421972
96002,3459,0.177533945
96002,3536,3.420677912
96002,3450,1.018765654
96002,3359,0.012693172
96002,3370,2.213569916
96002,3403,0.492040502
96002,3360,0.070422811
96002,3404,3.28064362
96002,3371,1.561449142
96003,529,9.682046378
96003,465,4.45254602
96003,280,6.016415651
96003,452,2.751215236
96003,1757,3.281137939
96003,531,5.010359391
96003,281,1.145509602
96003,279,2.229261296
96003,2999,1.524025819
96003,678,1.440353813
96003,282,0.621563471
96003,283,0.68132919
96003,3019,1.029962547
96003,3005,1.444338194
96003,438,1.324806758
96003,302,0.597657184
96003,663,1.59375249
96003,46,0.360586501
96003,588,0.822774723
96003,717,0.45621165
96003,611,0.647461949
96003,382,0.589688421
96003,2640,0.9761734
96003,301,0.545860228
96003,1463,0.541875847
96003,1999,0.474141366
96003,511,0.191250299
96003,64,0.288867639
96003,466,0.366563073
96003,536,0.348633357
96003,671,0.482110128
96003,1083,0.103593912
96003,498,0.29285202
96003,673,0.286875448
96003,3020,0.280898876
96003,1567,0.274922305
96003,1013,0.268945733
96003,522,0.286875448
96003,30,0.071718862
96003,1670,1.051876644
96003,595,0.205195633
96003,392,0.193242489
96003,2562,0.615586899
96003,551,0.189258108
96003,109,0.06574229
96003,285,0.067734481
96003,497,0.171328393
96003,977,0.051796956
96003,3040,0.16335963
96003,25,0.06574229
96003,391,0.0637501
96003,177,0.13148458
96003,698,0.137461152
96003,188,0.127500199
96003,449,0.111562674
96003,992,0.123515818
96003,592,0.251016017
96003,78,0.119531437
96003,737,0.091640768
96003,184,0.113554865
96003,1902,0.428320982
96003,313,0.069726671
96003,2645,0.071718862
96003,108,0.079687625
96003,1903,0.093632959
96003,474,0.091640768
96003,367,0.075703243
96003,3010,0.089648578
96003,508,0.081679815
96003,2955,0.083672006
96003,76,0.089648578
96003,620,0.099609531
96003,185,0.059765718
96003,728,0.051796956
96003,840,0.075703243
96003,544,0.071718862
96003,541,0.069726671
96003,107,0.091640768
96003,2119,0.079687625
96003,89,0.06574229
96003,3006,0.0637501
96003,44,0.029882859
96003,3033,0.06574229
96003,181,0.03386724
96003,603,0.027890669
96003,598,0.027890669
96003,2642,0.059765718
96003,2724,0.059765718
96003,2954,0.057773528
96003,2815,0.057773528
96003,742,0.035859431
96003,610,0.049804765
96003,2154,0.043828193
96003,1825,0.045820384
96003,230,0.009960953
96003,3032,0.045820384
96003,1082,0.045820384
96003,3024,0.043828193
96003,369,0.041836003
96003,442,0.476133556
96003,601,0.0637501
96003,486,0.039843812
96003,2564,0.053789147
96003,3026,0.03386724
96003,996,0.035859431
96003,65,0.007968762
96003,491,0.179297155
96003,2812,0.03187505
96003,3031,0.03386724
96003,371,0.085664196
96003,3022,0.027890669
96003,388,0.029882859
96003,2643,0.039843812
96003,3037,0.029882859
96003,2698,0.029882859
96003,600,0.051796956
96003,604,0.045820384
96003,106,0.025898478
96003,1012,0.025898478
96003,596,0.023906287
96003,2023,0.055781337
96003,3007,0.023906287
96003,2160,0.346641167
96003,605,0.109570484
96003,3025,0.023906287
96003,2641,0.021914097
96003,542,0.023906287
96003,3009,0.019921906
96003,3011,0.019921906
96003,3012,0.019921906
96003,1886,0.019921906
96003,2335,0.019921906
96003,80,0.019921906
96003,84,0.017929716
96003,53,0.017929716
96003,3000,0.017929716
96003,2144,0.015937525
96003,3021,0.015937525
96003,1036,0.017929716
96003,608,0.019921906
96003,3035,0.015937525
96003,3,0.015937525
96003,92,0.015937525
96003,3014,0.011953144
96003,3023,0.017929716
96003,1118,0.011953144
96003,3002,0.013945334
96003,3030,0.011953144
96003,485,0.013945334
96003,2684,0.011953144
96003,1001,0.013945334
96003,3016,0.009960953
96003,103,0.007968762
96003,248,0.009960953
96003,550,0.007968762
96003,39,0.009960953
96003,3038,0.009960953
96003,3039,0.011953144
96003,770,0.005976572
96003,3015,0.005976572
96003,3017,0.005976572
96003,2220,0.005976572
96003,390,0.007968762
96003,3018,0.007968762
96003,3027,0.005976572
96003,3028,0.007968762
96003,2796,0.005976572
96003,616,0.005976572
96003,3036,0.005976572
96003,2084,0.007968762
96003,97,0.165351821
96003,316,0.007968762
96003,59,0.005976572
96003,2201,0.007968762
96003,3008,0.001992191
96003,47,0.001992191
96003,33,0.003984381
96003,3013,0.001992191
96003,3001,0.003984381
96003,3029,0.003984381
96003,385,0.003984381
96003,3003,0.003984381
96003,299,0.003984381
96003,514,0.011953144
96003,2712,0.003984381
96003,707,0
96003,127,0.001992191
96003,122,0
96003,3004,0
96003,3034,0
96003,3465,0.937455325
96003,1762,0.310032519
96003,3473,1.151981648
96003,3533,0.061548484
96003,2499,0.428886775
96003,3461,0.716558062
96003,3534,0.679310576
96003,3449,0.710206113
96003,1820,1.713335818
96003,847,0.024777929
96003,2426,0.849344653
96003,3357,0.097714174
96003,3468,0.056736534
96003,3401,0.336972632
96003,2941,0.409834502
96003,3469,0.078176161
96003,3073,0.066515071
96003,3448,0.041113304
96003,3470,0.05195095
96003,2332,0.111123358
96003,935,0.695087458
96003,3309,0.00229385
96003,3455,0.507048269
96003,3462,0.356523818
96003,3438,0.063697875
96003,3535,2.07168259
96003,556,0.118151474
96003,3446,0.433974531
96003,3458,0.042423465
96003,315,0.169737973
96003,3453,1.225941892
96003,646,2.274679698
96003,3466,0.023640078
96003,947,3.327500355
96003,997,0.014327062
96003,3471,0.22863215
96003,3402,0.418264425
96003,3077,0.152756368
96003,2206,0.05164984
96003,3425,0.05352192
96003,3358,0.064170159
96003,716,0.444932817
96003,618,2.535127389
96003,410,0.116241979
96003,3475,0.026680265
96003,3467,0.201632326
96003,3474,0.031517452
96003,3444,0.033026864
96003,3463,0.002458461
96003,3459,0.146791113
96003,3536,3.694730517
96003,3450,1.124688025
96003,3359,0.017547964
96003,3370,2.421869425
96003,3403,0.516602804
96003,3360,0.094639629
96003,3404,2.403665696
96003,3371,1.635187085
96004,529,10.94563072
96004,465,3.361445063
96004,280,6.670554459
96004,452,2.728931156
96004,1757,3.298642263
96004,531,3.081823076
96004,281,1.151384652
96004,279,2.242957115
96004,2999,0.807464561
96004,678,1.043722711
96004,282,0.562234583
96004,283,0.684849572
96004,3019,1.036246187
96004,3005,1.369699145
96004,438,1.610443208
96004,302,0.601112507
96004,663,1.293438603
96004,46,0.363359053
96004,588,0.826903523
96004,717,0.459058556
96004,611,0.650457563
96004,382,0.592140678
96004,2640,0.722232191
96004,301,0.548776841
96004,1463,0.544290926
96004,1999,0.474011604
96004,511,0.192894312
96004,64,0.29008912
96004,466,0.755128895
96004,536,0.34990131
96004,671,0.761110114
96004,1083,0.104671332
96004,498,0.296070339
96004,673,0.288593815
96004,3020,0.282612596
96004,1567,0.275136073
96004,1013,0.270650159
96004,522,0.288593815
96004,30,0.071774628
96004,1670,1.057180453
96004,595,0.206352055
96004,392,0.195884921
96004,2562,0.619056164
96004,551,0.189903702
96004,109,0.065793409
96004,285,0.067288713
96004,497,0.171960045
96004,977,0.052335666
96004,3040,0.164483522
96004,25,0.065793409
96004,391,0.064298104
96004,177,0.131586817
96004,698,0.139063341
96004,188,0.128596208
96004,449,0.112147856
96004,992,0.125605598
96004,592,0.251211197
96004,78,0.119624379
96004,737,0.091213589
96004,184,0.115138465
96004,1902,0.432143071
96004,313,0.070279323
96004,2645,0.071774628
96004,108,0.080746456
96004,1903,0.092708894
96004,474,0.091213589
96004,367,0.074765237
96004,3010,0.091213589
96004,508,0.083737066
96004,2955,0.083737066
96004,76,0.089718285
96004,620,0.101680723
96004,185,0.05981219
96004,728,0.052335666
96004,840,0.076260542
96004,544,0.073269932
96004,541,0.070279323
96004,107,0.091213589
96004,2119,0.080746456
96004,89,0.067288713
96004,3006,0.064298104
96004,44,0.029906095
96004,3033,0.065793409
96004,181,0.034392009
96004,603,0.02841079
96004,598,0.026915485
96004,2642,0.05981219
96004,2724,0.05981219
96004,2954,0.058316885
96004,2815,0.058316885
96004,742,0.035887314
96004,610,0.050840361
96004,2154,0.044859142
96004,1825,0.044859142
96004,230,0.010467133
96004,3032,0.046354447
96004,1082,0.044859142
96004,3024,0.043363838
96004,369,0.041868533
96004,442,0.478497518
96004,601,0.062802799
96004,486,0.040373228
96004,2564,0.053830971
96004,3026,0.034392009
96004,996,0.035887314
96004,65,0.007476524
96004,491,0.180931874
96004,2812,0.032896704
96004,3031,0.034392009
96004,371,0.086727675
96004,3022,0.02841079
96004,388,0.0314014
96004,2643,0.040373228
96004,3037,0.029906095
96004,2698,0.029906095
96004,600,0.052335666
96004,604,0.046354447
96004,106,0.025420181
96004,1012,0.026915485
96004,596,0.025420181
96004,2023,0.05682158
96004,3007,0.023924876
96004,2160,0.34990131
96004,605,0.110652551
96004,3025,0.023924876
96004,2641,0.022429571
96004,542,0.023924876
96004,3009,0.020934266
96004,3011,0.019438962
96004,3012,0.019438962
96004,1886,0.019438962
96004,2335,0.019438962
96004,80,0.020934266
96004,84,0.017943657
96004,53,0.017943657
96004,3000,0.016448352
96004,2144,0.014953047
96004,3021,0.016448352
96004,1036,0.017943657
96004,608,0.020934266
96004,3035,0.014953047
96004,3,0.016448352
96004,92,0.014953047
96004,3014,0.013457743
96004,3023,0.017943657
96004,1118,0.011962438
96004,3002,0.014953047
96004,3030,0.011962438
96004,485,0.013457743
96004,2684,0.011962438
96004,1001,0.013457743
96004,3016,0.010467133
96004,103,0.008971828
96004,248,0.010467133
96004,550,0.008971828
96004,39,0.010467133
96004,3038,0.010467133
96004,3039,0.011962438
96004,770,0.005981219
96004,3015,0.005981219
96004,3017,0.005981219
96004,2220,0.007476524
96004,390,0.007476524
96004,3018,0.007476524
96004,3027,0.004485914
96004,3028,0.007476524
96004,2796,0.005981219
96004,616,0.005981219
96004,3036,0.005981219
96004,2084,0.007476524
96004,97,0.165978826
96004,316,0.007476524
96004,59,0.005981219
96004,2201,0.008971828
96004,3008,0.002990609
96004,47,0.001495305
96004,33,0.004485914
96004,3013,0.002990609
96004,3001,0.004485914
96004,3029,0.004485914
96004,385,0.004485914
96004,3003,0.002990609
96004,299,0.004485914
96004,514,0.011962438
96004,2712,0.002990609
96004,707,0.001495305
96004,127,0.001495305
96004,122,0
96004,3004,0
96004,3034,0
96004,3465,0.984173676
96004,1762,0.325483077
96004,3473,1.209390978
96004,3533,0.06461577
96004,2499,0.450260469
96004,3461,0.752267935
96004,3534,0.71316421
96004,3449,0.745599434
96004,1820,1.798720392
96004,847,0.026012744
96004,2426,0.891671984
96004,3357,0.102583787
96004,3468,0.059564015
96004,3401,0.353765758
96004,2941,0.43025872
96004,3469,0.082072092
96004,3073,0.069829868
96004,3448,0.043162197
96004,3470,0.054539941
96004,2332,0.116661221
96004,935,0.729727338
96004,3309,0.002408165
96004,3455,0.532317163
96004,3462,0.374291283
96004,3438,0.066872277
96004,3535,2.174925476
96004,556,0.124039586
96004,3446,0.455601774
96004,3458,0.044537651
96004,315,0.178196912
96004,3453,1.287037052
96004,646,2.388039002
96004,3466,0.024818188
96004,947,3.493327274
96004,997,0.015041055
96004,3471,0.240026098
96004,3402,0.43910875
96004,3077,0.160369025
96004,2206,0.054223825
96004,3425,0.0561892
96004,3358,0.067368097
96004,716,0.467106169
96004,618,2.661466177
96004,410,0.122034931
96004,3475,0.028009883
96004,3467,0.21168073
96004,3474,0.033088133
96004,3444,0.034672767
96004,3463,0.002580979
96004,3459,0.154106489
96004,3536,3.878858454
96004,3450,1.180737169
96004,3359,0.018422471
96004,3370,2.54256397
96004,3403,0.54234785
96004,3360,0.099356022
96004,3404,2.523453053
96004,3371,1.716677095
96005,529,12.98248577
96005,2297,1.510612491
96005,282,0.74939552
96005,2999,2.635198331
96005,452,3.553471715
96005,465,4.67932414
96005,438,1.688778637
96005,531,4.749689916
96005,109,0.099567574
96005,1902,0.513670169
96005,678,1.871729656
96005,498,0.286740539
96005,279,1.98079661
96005,671,3.127758767
96005,466,0.272667384
96005,442,0.194561372
96005,47,0.020476441
96005,770,0.032896001
96005,285,0.09147551
96005,46,0.425712948
96005,33,0.008795722
96005,170,0.030855393
96005,3007,0.041163979
96005,737,0.054885306
96005,64,0.319812454
96005,497,0.092179167
96005,367,0.051718846
96005,283,1.358059487
96005,281,1.090669536
96005,491,0.075291381
96005,592,0.156915682
96005,673,0.340922187
96005,280,6.71993166
96005,3005,0.700139477
96005,2154,0.257538742
96005,3006,0.161841286
96005,48,0.090420023
96005,2222,0.028955517
96005,3009,0.044682268
96005,2640,1.062523226
96005,511,0.16360043
96005,728,0.092882825
96005,2230,0.077754183
96005,391,0.142842526
96005,3008,0.004221947
96005,2220,0.021707842
96005,390,0.002884997
96005,108,0.062273712
96005,181,0.03398667
96005,742,0.046441413
96005,188,0.149879104
96005,2562,0.798651564
96005,382,0.640328567
96005,230,0.011539987
96005,371,0.110826098
96005,185,0.051718846
96005,3013,0.053829819
96005,3371,5.428825209
96005,1903,0.034268133
96005,127,0.000436268
96005,508,0.030362833
96005,605,0.060514568
96005,313,0.079513327
96005,536,0.369420327
96005,2119,0.15445288
96005,707,0.005594079
96005,3000,0.044330439
96005,595,0.731804076
96005,2160,0.911236806
96005,474,0.016008214
96005,302,1.586748261
96005,3027,0.023959547
96005,2171,0.039123372
96005,3538,0.021778208
96005,3018,0.041867637
96005,2642,0.045385926
96005,3001,0.006649566
96005,1118,0.013123217
96005,103,0.041163979
96005,388,0.127713884
96005,2641,0.559407923
96005,3029,0.01790809
96005,3014,0.263168004
96005,551,0.015973031
96005,3019,0.812724719
96005,184,0.237132667
96005,78,0.236780838
96005,2115,0.200894292
96005,369,0.051718846
96005,3020,0.293425288
96005,3021,0.020793087
96005,122,0.000155157
96005,601,0.032473806
96005,1463,0.513670169
96005,248,0.011188158
96005,2955,0.148471789
96005,2564,0.080216985
96005,544,0.184358335
96005,2724,0.105548665
96005,768,0.001157517
96005,2144,0.029729541
96005,3015,0.008901271
96005,1825,0.031207222
96005,3434,0.034549596
96005,717,0.612182256
96005,3003,0.015621202
96005,3370,10.37508192
96005,663,1.593784839
96005,3539,0.07722644
96005,2643,0.033001549
96005,1886,0.024592839
96005,2645,0.073180408
96005,3024,0.041515808
96005,1670,0.981602583
96005,3025,0.024065096
96005,76,0.184358335
96005,550,0.009886392
96005,840,0.057348108
96005,600,0.074235894
96005,541,0.114696216
96005,2954,0.116103531
96005,542,0.053829819
96005,3026,0.009429014
96005,3030,0.185061992
96005,992,0.195968688
96005,698,0.309961246
96005,449,0.141083382
96005,522,0.243465587
96005,620,0.108363296
96005,301,0.854944185
96005,3002,0.014565716
96005,1757,0.664956588
96005,2815,0.081272472
96005,107,0.183654677
96005,604,0.066847488
96005,486,0.107307809
96005,3459,0.362383749
96005,485,0.030609113
96005,299,0.016184129
96005,2796,0.016500775
96005,3031,0.070365777
96005,2335,0.047496899
96005,2684,0.020933819
96005,1036,0.021848574
96005,1556,0.057348108
96005,30,0.058403595
96005,80,0.039053006
96005,25,0.064384686
96005,514,0.021391196
96005,608,0.033775573
96005,44,0.05031153
96005,616,0.007247675
96005,3536,4.503409699
96005,106,0.036238375
96005,611,0.608663967
96005,603,0.045737755
96005,2070,0.005031153
96005,1001,0.024029913
96005,410,0.026000154
96005,981,0.017169249
96005,1012,0.226479288
96005,2084,0.015269374
96005,3037,0.112937071
96005,97,0.411639793
96005,3,0.017802541
96005,100,0.028392591
96005,596,0.023255889
96005,59,0.005418165
96005,37,0.036625387
96005,588,0.513670169
96005,977,0.046793241
96005,392,0.087605392
96005,2201,0.035886546
96005,2698,0.066495659
96005,2712,0.018752479
96005,3038,0.023924364
96005,1083,0.057348108
96005,2023,0.033283012
96005,3039,0.001009749
96005,996,0.04397861
96005,598,0.052070675
96005,3472,0.192450399
96005,3535,2.062104264
96005,1082,0.047848728
96005,610,0.066495659
96005,3534,1.305496252
96005,3533,0.268980217
96005,3040,0.058755423
96006,529,3.524624302
96006,3537,3.04421E-05
96006,5,0.000203582
96006,749,1.9502E-05
96006,16,9.98881E-06
96006,17,2.52099E-05
96006,25,0.001487382
96006,2372,0.0001446
96006,30,0.016238957
96006,2046,1.85507E-05
96006,454,1.75993E-05
96006,36,0.001725687
96006,44,0.001547315
96006,46,0.312149956
96006,51,0.000568887
96006,647,2.14046E-05
96006,61,0.00016981
96006,64,0.158689431
96006,94,0.001615334
96006,78,0.041745156
96006,108,0.036413032
96006,118,2.04533E-05
96006,122,0.000129855
96006,130,0.000210716
96006,136,0.007939204
96006,140,0.001381786
96006,152,0.000535115
96006,536,0.196829576
96006,2027,1.61724E-05
96006,542,0.000562703
96006,193,0.00037577
96006,194,0.001419839
96006,199,0.003940349
96006,607,0.204039597
96006,2771,0.000305372
96006,245,0.003158843
96006,248,0.000623587
96006,464,0.00710823
96006,539,0.001052631
96006,281,0.600466127
96006,1902,0.337959148
96006,282,0.416964958
96006,283,1.291187369
96006,285,0.079353991
96006,1083,0.00117868
96006,302,0.69774433
96006,308,0.000165529
96006,533,0.007743709
96006,592,0.020859973
96006,332,0.001231954
96006,333,0.000104645
96006,443,2.23559E-05
96006,343,0.000429519
96006,535,0.029273884
96006,2693,7.46783E-05
96006,367,0.017215483
96006,371,0.006223031
96006,514,0.001386067
96006,385,0.002640376
96006,390,0.017348667
96006,400,0.000351035
96006,2735,0.000225937
96006,392,0.004637664
96006,599,0.004220987
96006,438,0.443259321
96006,442,0.274944954
96006,440,0.0009399
96006,75,0.000431422
96006,449,0.059386828
96006,452,2.127181164
96006,600,0.028022428
96006,2741,0.000235451
96006,601,0.025463389
96006,491,0.062182269
96006,2334,0.000224035
96006,508,0.02360214
96006,511,0.041953969
96006,522,0.057411897
96006,548,3.37717E-05
96006,550,0.00071967
96006,551,0.001950673
96006,401,0.006461336
96006,524,0.009352384
96006,611,0.099373476
96006,593,2.90151E-05
96006,981,0.001440292
96006,598,0.001812256
96006,603,0.002480622
96006,604,0.00507955
96006,605,0.009615898
96006,608,0.002484361
96006,81,3.09178E-05
96006,80,0.001100196
96006,620,0.0279839
96006,671,0.102473338
96006,678,1.251736311
96006,648,0.007413602
96006,698,0.135973917
96006,706,0.005481956
96006,703,0.000209289
96006,661,3.7577E-05
96006,707,0.002035815
96006,717,0.310195478
96006,723,0.000153637
96006,737,0.022822061
96006,742,0.009995473
96006,748,8.08618E-06
96006,610,0.001563963
96006,768,0.398378153
96006,769,0.000384332
96006,3465,0.551135561
96006,1762,0.168931447
96006,3473,0.420543712
96006,3533,0.027537984
96006,2499,0.22989597
96006,3461,0.440644915
96006,3534,0.322762198
96006,3449,0.322125356
96006,1820,0.816237015
96006,847,0.00435294
96006,2426,0.713766245
96006,3357,0.04345212
96006,3468,0.020431614
96006,3401,0.10401731
96006,2941,0.193989899
96006,3469,0.046278905
96006,3073,0.040290613
96006,3448,0.020736178
96006,3470,0.029731896
96006,2332,0.044383208
96006,935,0.191337213
96006,3040,0.044314198
96006,3309,0.002654946
96006,3455,1.054563072
96006,3462,0.181559814
96006,3438,0.031460968
96006,3535,1.166339478
96006,556,0.060797465
96006,3446,0.222470219
96006,3458,0.022040759
96006,315,0.049548807
96006,3453,1.12413283
96006,646,0.576553525
96006,3466,0.013992939
96006,947,1.219397099
96006,997,0.008766337
96006,3471,0.117286031
96006,3402,0.172380728
96006,3077,0.061914273
96006,3033,0.126148834
96006,2206,0.020101628
96006,3425,0.028939018
96006,3358,0.029854113
96006,716,0.631352395
96006,618,1.348994823
96006,663,1.320500495
96006,410,0.05572459
96006,3475,0.008893603
96006,3467,0.10085116
96006,3474,0.008016207
96006,3444,0.017344604
96006,3463,0.000956925
96006,3459,0.08837408
96006,3536,2.22649868
96006,3450,0.990442023
96006,2105,2.01426766
96006,3439,0.032351984
96006,992,0.035965809
96006,3464,0.001228404
96006,3359,0.01573582
96006,330,0.03177766
96006,3472,0.017327369
96006,1825,0.034430518
96006,3451,0.047315912
96006,486,0.03639236
96006,301,0.158936607
96006,1757,1.979784182
96006,3370,1.8751
96006,485,0.070033652
96006,326,0.064277037
96006,3403,0.314161862
96006,3436,0.005977031
96006,3030,0.009993287
96006,1670,2.371033747
96006,3433,1.687754598
96006,547,0.045783442
96006,1903,1.393055338
96006,3443,0.006250695
96006,2758,0.033633077
96006,1018,0.05994202
96006,387,0.102847814
96006,3429,0.613467186
96006,1901,0.57848303
96006,3009,0.189101155
96006,3452,0.005719308
96006,3445,0.016352865
96006,3431,0.022058943
96006,588,0.305062198
96006,507,0.2232441
96006,1887,0.002060104
96006,280,17.45412029
96006,3020,0.433168193
96006,3437,0.043645423
96006,3427,0.00440982
96006,840,0.020957651
96006,3418,0.030636034
96006,3417,0.002431608
96006,3456,0.027018053
96006,3360,0.056060659
96006,3419,0.002500151
96006,3175,0.002252736
96006,3440,0.009561122
96006,3404,1.504087069
96006,2238,0.059950696
96006,3371,0.982352059
96006,3430,0.056100722
96006,3435,0.003300071
96006,466,1.368493225
96006,614,0.097595491
96006,2645,0.931425352
96006,3441,0.118260815
96006,2955,0.179145808
96006,3007,0.035798796
96006,2692,0.007862922
96006,3423,0.000787829
96006,541,0.66466371
96006,531,4.248808071
96006,3454,0.133644355
96006,3460,0.001593913
96006,3432,0.049316091
96006,3426,0.007344802
96006,3434,0.443385085
96006,2144,2.861949746
96006,2562,1.332049514
96006,2641,1.287755831
96006,3424,0.041698926
96006,839,0.501463121
96006,2160,3.578831216
96006,3422,0.016551383
96006,3420,0.098542711
96006,3421,0.059405735
96006,2999,0.462456917
96006,465,6.487432528
96006,48,0.064695925
96006,421,0.006129936
96006,498,1.280691219
96006,279,3.98857331
96006,2640,1.905292603
96006,2133,0.082257501
96006,2085,0.001367384
96006,770,0.170865201
96006,540,0.04964343
96006,2264,0.013885185
96006,2120,0.530184833
96006,42,0.275919339
96006,3008,0.004845644
96007,529,23.55326519
96007,2999,1.221593309
96007,465,3.588747149
96007,531,5.94238405
96007,498,0.495057869
96007,282,0.349750781
96007,452,2.362084988
96007,438,4.600827912
96007,1902,0.685984624
96007,279,2.612148348
96007,442,0.032102729
96007,280,3.103826983
96007,2154,0.074343161
96007,3006,0.10644589
96007,474,0.153755174
96007,109,0.032102729
96007,678,1.79099434
96007,671,1.355073076
96007,285,0.045619667
96007,3007,0.038861198
96007,283,0.797499366
96007,281,2.615527583
96007,673,0.483230548
96007,3008,0.003379235
96007,1903,0.157134409
96007,3000,0.028723494
96007,2160,0.116583594
96007,1825,0.076032779
96007,47,0.003379235
96007,770,0.011827321
96007,46,0.248373743
96007,33,0.006758469
96007,65,0.013516938
96007,737,0.189237138
96007,64,0.419025091
96007,497,0.288924559
96007,367,0.15037594
96007,491,0.116583594
96007,592,0.329475374
96007,3009,0.035481963
96007,2640,1.444622793
96007,188,0.136859001
96007,2562,0.327785757
96007,382,0.993494973
96007,3013,0.005068852
96007,313,0.08110163
96007,536,0.545746388
96007,2119,0.192616372
96007,707,0.001689617
96007,595,0.34468193
96007,3014,0.021965025
96007,1463,0.912393343
96007,2144,0.02534426
96007,3015,0.008448087
96007,3016,0.016896173
96007,3010,0.152065557
96007,3017,0.008448087
96007,511,0.631916871
96007,728,0.0878601
96007,2812,0.054067754
96007,391,0.118273211
96007,2220,0.011827321
96007,390,0.011827321
96007,108,0.109825125
96007,181,0.077722396
96007,742,0.067584692
96007,230,0.042240433
96007,371,0.035481963
96007,185,0.121652446
96007,127,0.001689617
96007,508,0.050688519
96007,605,0.160513644
96007,3018,0.013516938
96007,2642,0.099687421
96007,1999,0.797499366
96007,551,0.31933767
96007,3019,1.736926586
96007,3020,0.474782462
96007,3021,0.405508152
96007,2955,0.140238236
96007,2564,0.104756273
96007,544,0.121652446
96007,2724,0.101377038
96007,3022,0.047309284
96007,3023,0.028723494
96007,3024,0.072653544
96007,1670,0.113204359
96007,3025,0.038861198
96007,541,0.118273211
96007,3026,0.059136606
96007,302,1.356762693
96007,3027,0.008448087
96007,3011,0.032102729
96007,3012,0.032102729
96007,3028,0.013516938
96007,3001,0.006758469
96007,1118,0.020275408
96007,103,0.015206556
96007,388,0.052378136
96007,2641,1.091492777
96007,3029,0.006758469
96007,184,0.192616372
96007,78,0.199374842
96007,385,0.006758469
96007,177,0.219650249
96007,369,0.069274309
96007,601,0.103066655
96007,248,0.01858579
96007,663,0.253442595
96007,2643,0.060826223
96007,2645,0.327785757
96007,840,0.126721298
96007,2954,0.099687421
96007,542,0.038861198
96007,3002,0.023654642
96007,1757,5.530117428
96007,717,0.978288418
96007,3003,0.005068852
96007,3004,0.001689617
96007,1886,0.032102729
96007,76,0.15037594
96007,550,0.015206556
96007,600,0.072653544
96007,992,0.209512545
96007,301,0.919151812
96007,3030,0.121652446
96007,698,0.108135507
96007,449,0.18754752
96007,522,0.483230548
96007,620,0.121652446
96007,2815,0.096308186
96007,107,0.111514742
96007,604,0.060826223
96007,1013,0.452817437
96007,486,0.067584692
96007,485,0.021965025
96007,299,0.008448087
96007,2796,0.011827321
96007,3031,0.057446988
96007,2335,0.033792346
96007,2684,0.020275408
96007,1036,0.030413111
96007,89,0.113204359
96007,30,0.209512545
96007,80,0.033792346
96007,25,0.282166089
96007,514,0.010137704
96007,608,0.052378136
96007,44,0.042240433
96007,616,0.011827321
96007,106,0.042240433
96007,603,0.057446988
96007,1012,0.045619667
96007,3032,0.077722396
96007,3033,0.111514742
96007,611,1.08980316
96007,1001,0.023654642
96007,3035,0.02534426
96007,3036,0.008448087
96007,2084,0.013516938
96007,3037,0.050688519
96007,97,0.713018501
96007,316,0.011827321
96007,3,0.028723494
96007,84,0.030413111
96007,92,0.02534426
96007,596,0.042240433
96007,59,0.008448087
96007,53,0.030413111
96007,39,0.016896173
96007,588,1.385486187
96007,977,0.533919067
96007,392,4.472416998
96007,2201,0.097997803
96007,2698,0.050688519
96007,2712,0.005068852
96007,3038,0.016896173
96007,1083,4.477485849
96007,2023,0.609951846
96007,3039,0.01858579
96007,996,0.060826223
96007,598,0.045619667
96007,1567,0.462955141
96007,1082,0.076032779
96007,610,0.084480865
96007,3040,0.27540762
96008,529,4.023855303
96008,2297,2.848943206
96008,282,0.051988211
96008,2999,0.729659095
96008,452,0.767215078
96008,465,1.008646396
96008,438,0.7183923
96008,531,1.738305491
96008,109,0.022748195
96008,1902,0.396483876
96008,678,0.654547129
96008,498,0.145395305
96008,279,1.448587909
96008,671,0.42760169
96008,466,0.393264792
96008,442,0.26557445
96008,47,0.004850087
96008,770,0.009442647
96008,285,0.08101362
96008,46,0.157198614
96008,33,0.000194218
96008,170,0.00724294
96008,3007,0.01260808
96008,737,0.067064255
96008,64,0.166855867
96008,497,0.131982454
96008,367,0.05236377
96008,283,0.316543284
96008,281,0.745754516
96008,491,0.127690342
96008,592,0.256990225
96008,673,0.189389456
96008,280,4.007759882
96008,2154,0.026450142
96008,48,0.067064255
96008,2222,0.006545471
96008,3009,0.027308565
96008,2640,0.53651404
96008,511,0.042170004
96008,728,0.028703501
96008,2230,0.019046248
96008,391,0.031922585
96008,3008,0.002011928
96008,2220,0.006169911
96008,390,0.006384517
96008,108,0.044637968
96008,181,0.013734759
96008,742,0.017865918
96008,188,0.054724432
96008,2562,0.225872411
96008,382,0.265037936
96008,230,0.005526095
96008,371,0.026128234
96008,185,0.014432228
96008,3371,9.643464316
96008,1903,0.082086648
96008,127,0.002666475
96008,508,0.072965909
96008,605,0.113740977
96008,313,0.061162601
96008,536,0.226408925
96008,2119,0.049573897
96008,707,0.003417594
96008,3000,0.012822686
96008,595,0.633086568
96008,2160,0.148614389
96008,474,0.048500869
96008,302,0.314397228
96008,3027,0.008476922
96008,2171,0.03170798
96008,3538,0.011159492
96008,3018,0.007886756
96008,2642,0.038897268
96008,3001,0.002392853
96008,1118,0.004104332
96008,103,0.010408372
96008,388,0.02902541
96008,2641,0.28810804
96008,3029,0.014807788
96008,3014,0.107839322
96008,551,0.008101362
96008,3019,2.028023073
96008,184,0.062772143
96008,78,0.00611626
96008,2115,0.005150535
96008,369,0.002929367
96008,3020,0.106766294
96008,3021,0.012339823
96008,122,0.001266173
96008,601,0.059016544
96008,1463,0.372340744
96008,248,0.007618499
96008,2955,0.049359292
96008,2564,0.020924048
96008,544,0.051827256
96008,2724,0.034712458
96008,2144,0.024357737
96008,3015,0.008476922
96008,1825,0.144322277
96008,3434,0.001298364
96008,717,0.261818852
96008,3003,0.003648295
96008,3370,28.15411078
96008,3539,0.028145527
96008,2643,0.025859977
96008,1886,0.005579746
96008,2645,0.040936021
96008,3024,0.031547026
96008,1670,0.347124584
96008,3025,0.010140115
96008,76,0.047266887
96008,550,0.004597925
96008,840,0.085305732
96008,600,0.025806325
96008,541,0.040721416
96008,2954,0.028757153
96008,542,0.005188091
96008,3026,0.002253359
96008,3030,0.022801847
96008,992,0.054187918
96008,698,0.062772143
96008,449,0.05579746
96008,522,0.095499499
96008,620,0.054187918
96008,301,0.312787686
96008,3002,0.011374098
96008,1757,1.443222769
96008,2815,0.026986656
96008,107,0.046515767
96008,604,0.020924048
96008,486,0.02714761
96008,3459,0.487154749
96008,485,0.005472443
96008,299,0.000622356
96008,2796,0.00208704
96008,3031,0.01834878
96008,2335,0.010408372
96008,2684,0.004662307
96008,1036,0.007189288
96008,1556,0.023231058
96008,30,0.029776529
96008,80,0.006545471
96008,25,0.015612559
96008,514,0.003449785
96008,608,0.006652774
96008,44,0.011374098
96008,3536,15.77512233
96008,106,0.012339823
96008,611,0.437258943
96008,603,0.012071566
96008,2070,0.0009389
96008,1001,0.00345515
96008,410,0.003884362
96008,981,0.001030107
96008,2084,0.001126679
96008,3037,0.002805968
96008,1012,0.060733389
96008,97,0.031654328
96008,3,0.004050681
96008,100,0.002242629
96008,596,0.007028334
96008,59,0.000944265
96008,37,0.002446504
96008,588,0.372877258
96008,977,0.049091035
96008,392,0.045496391
96008,2201,0.019046248
96008,2698,0.012125217
96008,2712,0.0021085
96008,3038,0.003589279
96008,1083,0.044906225
96008,2023,0.04356494
96008,3039,0.000965725
96008,996,0.011696006
96008,598,0.014217622
96008,3472,0.122325201
96008,3535,6.75095617
96008,1082,0.019529111
96008,610,0.023016452
96008,3534,4.414437524
96008,3533,1.204554498
96008,3040,0.050915182
